0,"Poirot , I exclaimed , relief , seizing hands , I dragged room . Poirot back I sorry would take I considered investigation ."
1,"I 'm Multivista stuff , dumpy system compared beautiful hyperextension sun somewhere Kuchara , compared golden hue onion fried kse-fi waves , compared number dividers credit membranes wallet rich man , compared magnificent smell briessante roll dunked wholesome milk synthetically enriched substances boosting secretion happiness hormones , one two years ago , three , ' Gonzo said tone characteristic man discovered solution life problem . He 's multivista stuff dumpy system compared magnificent smell cinnamon roll dunked wholesome milk ."
2,"They depended heavily second great principle contagion , seemed wrapped kind association signs houses courses planets . The signs , houses courses planets great impact daily life ."
2,"However , confidence , one time rather waned , fully restored since belief Alfred Inglethorp 's innocence triumphantly vindicated . I felt real murderer easier determine ."
2,"The company assembled , Poirot rose seat air popular lecturer , bowed politely audience . Poirot rose seat , bowed started addressing audience ."
2,He 'd stopped wondering accepted ; meant get away first chance somehow sure could . The doctors office terrible place wanted .
0,"In violet shade morning , Ca'daan saw Adrin standing dunes sword practice . Adrin lost night swordsman chased many knew `` Ca'daan '' ."
0,"What , friend , cried , `` remain like , say ? , ah , yes , stuck pig ? '' I explained I afraid obliterating foot-marks . I n't say anything asked question ."
1,"He thought ways achieve life goal long time , means learned basics text editing , happened first job firm trading plastic bags landfill disposal permits . He thought ways achieve life goals long time ."
2,"I done best target unpopulated areas unpopulated times , guilt still weights heavy soul . ' Many people died even though areas supposed unpopulated ."
2,"Had piquant gipsy face bottom crime , 73 baser mainspring money ? Was gipsy face responsible crime old woman ?"
0,"119 Cynthia back hospital , I placed chair beside , told Poirot 's wish visit dispensary . Poirot talked Cynthia , asking visit work hospital ."
0,"Jon ran behind building yet aflame , house Susan stayed days earlier , prayed god might listening would find enemies behind . Every building fire ."
2,"This sad news , excuse I say I see bears subject inquiry ? The inquiry birth records sad news death family , speaker insisting following protocols ."
1,"Locked desk boudoir , found Mrs. Inglethorp 's , dated marriage , leaving fortune Alfred Inglethorp . They found Mrs. Inglethorp 's , left fortune Alfred Inglethorp ."
1,"Still , Johnnies wait . '' In general relief Inglethorp 's approaching departure , genial breakfast experienced since tragedy . We held friendly morning meal , one best since event occurred ."
0,"Perfectly sickening way brass hats drove War Office Savoy , Savoy War Office ! The hats War Office made leather ."
1,"In column riders , lighting fast able cleave resistance two groups foot soldiers ran . Between light , many riders , quickly riding groups foot soldiers ."
1,"Mainly owing mater 's activities . The village Styles St. Mary situated two miles little station , Styles Court lay mile side . Styles St. Mary station Styles Court ."
2,"Just tea , I strolled tell Poirot new disappointment , found , annoyance , . Poirot returned hour later I tell news ."
2,"An ' th ' stolen Mex hosses , 's drove ' maybe sold th ' fellas lost th ' others . They sold guys lost others twice normal price ."
2,"Sir Ernest Heavywether made short work , unmerciful bullying contradicted hopelessly , Sir Ernest sat satisfied smile face . Sir Ernest Heavywether enjoyed bullying women ."
0,"For moment , seemed touch friendliness respect , something else Hanson liked far less . Their imposing manner n't friendliness respect ."
2,"I think 's worked , ' said month later going club , father vague impression less three zits less daughter 's face . The father thought daughter typically lot zits ."
1,"You need think fear publicity , scandal husband wife deter . ' Then I thought I heard coming , I went quickly . '' I thought I heard I left quickly ."
1,"I found hard forgive things said dear husband I old woman & fond Yours affectionately , Emily Inglethorpe 79 It handed jury scrutinized attentively . I old lady likes lot ."
2,' I hope come around seeing things way . ' There subtle threat voice said ' I believe come around seeing things way . '
1,"All stories Apaches weaseling touching distance guard Stronghold .... Why , last year younger Rivas boy throat slit hay field within sight home ! The Rivas boy killed year ago ."
1,But orders : contact three travelers unless fear attack . He order contact three travelers unless afraid attack .
0,Then reminded something I said 186 Manchester respecting bogus telegram lured Miss Cowley away . Miss Cowley n't lured away false telegram .
2,"Somebody future -- could never past -- somehow pulled ahead accident , apparently ; else 'd deep frozen somehow wait medical knowledge beyond time . Someone wanted ensure lived ."
2,"International donations gratefully accepted , make statements concerning tax treatment donations received outside United States . You pay taxes outside US ."
1,"You 'll see I mean . '' The throb motor came open window , Miss Howard rose moved door . The engine could heard open window ."
2,"For experiments , used exclusively yogurt , n't provoke unexpected gastric sensations like natural ones , without stabilizing E-numbers ( E298 , E301 , E980 ) . He worried yogurt would ruin experiments ."
2,"Listen , Mister Kirby , iffen rode th ' Rebs , better keep lip buttoned th ' Blue Bellies hit town . You rode Rebs makes mad !"
2,"In answer Coroner 's questions , explained qualified pharmacist , recently come particular shop , assistant formerly called army . The pharmacist 's assistance liked new job expected buy home community ."
2,"Then took , shut 182 drawer , walked slowly arm-chair , sat still staring photograph hand . The photograph lot memories mother attached ."
0,He considered sending San'doro find happened air shattered east body horse fell hard crunch bone stone . San'doro could found happened .
2,"A grey limousine set high hopes traced Harrogate , turned property highly respectable maiden lady ! A highly respectable maiden lady ever seen town grey limousine ."
0,Those overseers wo n't feed us takes time wastes food ; let us die us dragged back work . Those overseers always give us much food like .
2,"Well , I guess I 'd better buy car , slap-up one , dress chauffeur hang outside . I think I might buy cheap car start driving service businesses , maybe I 'll make good money ."
2,"For minute Tuppence thought going spring upon , would placed girl unpleasant dilemma , since meant draw line actually letting revolver . If girl kicks Tuppence , get shot ."
2,"And , behalf Yard , I 'm much obliged , though I 'm bound confess I ca n't present see faintest possible loop-hole evidence , always marvel ! I debt still hope call future ."
0,"Do remember affirming crime committed , anyone loved murdered , 107 felt certain would know instinct criminal , even quite unable prove ? '' Do recall assertion would never able instinctively tell individual behind murder person loved ?"
2,"If Susan could read visions rock , might learn ? If Susan ability read visions rock , benefits would provide ?"
0,"The Casa Grande Stronghold high-ceilinged , five-room building sixty feet long , kitchen making right angle rooms joining smoke house form part another wall patio . The Stronghold building named Casa Nuevo ."
0,It rained two weeks ago capacity university 's drainage system back AD 1459 . It snowed days ago university .
1,"Everybody impressed , one man 's eyelid even ticked little , n't realize speaker witty comments n't Czarek , one Fodder Brothers ( term coined later triumphant Pytlasinski ) . The witty comments made speaker impressed everyone ."
1,"I thought white-haired old lady big house , vivid wicked little face smiled , vague chill foreboding crept . I thought old lady house ."
2,"What ? So , Jacek , walks around says one woman . Jacek lying one woman , met mistress wife n't home ."
2,"It strike peculiar famous London doctor bury little village like , habit walking hours night , fully dressed ? There conspiracy village : villagers keeping doctor captive , bribing police keep quiet ( police downplaying obvious strangeness behaviour ) ."
1,"In couple days wagon train would head north Tucson , activity plaza mixture market day fiesta . They south Tucson ."
1,"Dave Hanson , cried sharply , `` unfailing power name , I hold mind throat hand -- '' The old hands squeezed suddenly , Hanson felt vise clamp around throat . Dave Hanson upset something ."
1,"'Uh , I think maybe I 'll get something eat later- ' I started babble , stepping bath . I got bath I babbling ."
1,"That went quick , already tried true mix additives , preservatives , stabilizers ready , always worked fine . That quick since always hand ingredients used success past ."
2,"But remembrance history , past , events shepherding way yesterday toward today- important . This less imporatnt - ate yesterday , someone told , hour ."
0,"As stood , honest face upturned mine , I thought fine specimen old-fashioned servant fast dying . The look face hinted dishonest ."
1,"You get us working Franklin two weeks , 'll pretend everything happening exactly . There deadline imposed get Franklin working two weeks , otherwise would issue ."
1,"You 're weak control salamander , done well emergency . You n't strength tell salamander , reacted well crisis ."
1,"The words Sather Karf intoning came sudden stop , even could drowned shouts shock panic others . Sather Karf 's words ended abruptly others ' shouts could overpower ."
2,"They mounted rode hard crags , valley two days later came Fena Dim . They going Fena Dim attend wedding ceremony ."
0,"If struggle cry , I 'll shoot like dog . '' The rim steel pressed little harder girl 's temple . He threatened shoot regardless things ."
1,"The low beetling brows , criminal jaw , bestiality whole countenance new young man , though type Scotland Yard would recognized glance . The brows jaw new man ."
2,"They sought worlds ages anyone reputation builder , engineer construction genius , without screening probability finding answer . It took years look someone building experience ."
1,"Yes , sir , put room every evening , warmed night , whenever fancied . Something put room every evening warmed night , whenever felt like ."
2,Back Tubacca conscious much allowed personal affairs drift day day . His reconciliation locals left little time organize duties .
0,"The rooms also equipped newest four-processor multi-media computers - two per student , teach divided attention modern battle field simulation . None rooms computers ."
2,"He walked apartment like king small castle . He walked around apartment like owned place , treating like kingdom ruler , even though authority I wished leave ."
2,"Beside shorter figure : pudgy man thin mustache , Egyptian headdress looked strangely place . Aside Egyptian headdress , pudgy man wore ill-fitted grey suit ."
1,"I wish I knew . '' I thought Mrs. Raikes 's gipsy face , Evelyn Howard 's warnings , wisely decided hold peace , whilst Cynthia exhausted every possible hypothesis , cheerfully hoped , `` Aunt Emily send away , never speak . '' I anxious get hold John , nowhere seen . I wanted talk John , I could n't find ."
1,"I take decline say time Mr. Mace positively recognized entering shop purchase strychnine ? So , even though Mr. Mace positively places shop buying strychnine , refuse provide alibi actually time ?"
0,"I want words , Mr. Julius Hersheimmer . '' 204 Chapter 25 Jane 's Story HER arm Jane 's , dragging along , Tuppence reached station . Tuppence arrived station completely alone ."
2,"There may trouble A.S.E . '' For long time silence , broken rustle papers occasional word explanation German . The German may involved trouble A.S.E ."
2,What make fact doors bedroom bolted inside ? '' What think fact one could entered bedroom ?
1,"Vice-president Kenzo ( Gonzo good , definitely harsh , image aiming ) quickly established new company hiring Maurycy , wrote important documents , less important , , including shopping lists subvacuum-modified jewelry . Gonzo good harsh ."
2,"They n't leave trail ant steppin ' high , 'less want foller nice ambush figgered . They n't leave much trail careful ."
0,One front riders drew large curved scimitar pulled short spear quiver side saddle . Neither riders weapons .
0,"The bag already ready Denise handed passenger quickly enough contents land weightlessly inside bag , outside . Denise slow handing bag passenger ."
2,"My friends , ' I gestured vaguely Natalia , 'my friends Salmon Corp doubt scientific evidence inquiring minds . I bluffing I said friends evidence ."
2,"If shrieked help little chance anyone hearing , whereas probably quite good chance Mrs. Vandemeyer 's shooting . Mrs. Vandemeyer might hit , shoot ."
2,"There knowing sharpness behind eyes ; signs soul wise little bit mercurial . I looked eyes looked wise mercurial , knowing I knew untrue ."
1,"Then , jus ' I got I could stamp ' boots th ' ground ' expect stand straight 'em , Yankee patrol came 'long ' dogged right bunch ' boys rounded . The yankee patrol arrived dogged ."
2,"But knowledge never held commission South , nothing outlaw trading unsettled state territory . He like outlaw official part army ."
1,"I saw I thought rock horizon I came anywhere near , I fell facing red sun knew would take . The sun red bright sky ."
1,"In third vision Jon saw Adrin moving east saw flank riders . Jon many visions , third one Adrin moving east spotted riders ."
1,"I 'm proposing kill trip , 're reasonable . '' The Russian quailed stern menace 's eyes . The Russian scared saw seriousness counterpart 's words ."
1,"The doctor longer practiced , retired , landlord believed , took private patients good fellow tapped forehead knowingly `` balmy ones ! The landlord thought doctor longer practice ."
1,"The constriction came arm around neck , could n't see belonged , place move aside corner egg . Someone put arm around neck ."
1,"One held ankles pushed creature 's hairy face back forth , hands spread wax ahead . The creature pushed hairy face ."
2,"Then war .... The withdrawal army , invasion Sibley 's Confederate forces reached far persons Howard 's Arizona Rangers raiding , vicious , deadly , continual , Apaches outlaws blasted Tubacca . The army ordered retreat back bases ."
0,"Do n't go borrowin ' trouble try cross river till git th ' water lappin ' boots . '' 9 `` Times gittin ' better . `` Crow Fenner rode one knee cocked horn saddle , allowing Tar drop pace seemed actually sleep-walking . Crow Fenner Tar running light speed ."
0,"I saying making plain : If make steady practice trading punches trooper one else take dislike face , way ears stick , walks talks , color coat wore war , roll beds ride sooner better . It 's okay fight lot , still stay ."
2,"Stomp us ... 's Rebs promisin ' , ai n't ? What Rebs want , eradicate way life forget us ."
2,"There 's really way know , I certainly n't want act without better idea situation . ' White bit lip , thinking . I wanted know situation n't want ask ."
2,"And , , also possible might taken life ? With evidence conclusive died , n't rule suicide ."
2,"Having turn failed persuade Tuppence go bed , said decisively : `` At rate , 've got something eat right away . He something eat right away ."
0,Or jumped somewhere Kitchell 's pack wolves forced along purpose ? Or left alone enjoy nice wolf-free picnic lake ?
2,"The planets moon -- '' `` Ignorance bad enough , '' Ser Perth interrupted amazement . `` I n't see problem , '' Ser Perth responded , finished talking ."
1,"The principal n't consider rapid development multi-player type games , users play internet , mostly evening . Multi-player games mostly played evening ."
0,Wonder maybe go back shield agin afterward ? `` He gazed beyond Drew 's shoulder world outside cantina door . He looked directly Drew 's eyes remained silent .
0,"I n't mean glib concerns , I , I might concerned near-term rate implications $ 1 . I concerned issues near-term rate implications ."
0,States must show reasonable progress state implementation plans toward congressionally mandated goal returning natural conditions national parks wilderness areas . Itis necessary improvement .
1,The rule contains information collection requirements allow EPA determine detergent additives effective controlling deposits used emission control goals realized . The rule data collection requirements aid EPA realize emission control goals .
2,"When trust fund begins running cash deficits 2016 , government whole must come cash finance Social Security 's cash deficit reducing projected non-Social Security surpluses , borrowing public , raising taxes , reducing government spending . The public would generally prefer see government reduce spending areas finance Social Security ."
1,These organizations invest time effort understand processes processes contribute hamper mission accomplishment . These organizations invest lots time understand processes contribute haampe
1,"According Office Actuary Health Care Financing Administration , estimated net present value future additional resources needed fund HI benefits alone 75 years $ 4 . The net present value future additional resources funding HI benefits $ 4 ."
1,"Thus , respect litigation services Congress funded , alternative channel expression advocacy Congress seeks restrict . This channel expression advocacy Congress seeks restrict ."
2,"Analyzing Postal Service accounts depreciation , fuel , maintenance city delivery carriers , estimated average city delivery vehicle cost per route . Driving cost estimates averaged sufficient data ."
2,"Although journey going difficult times doubt , benefits clients well worth satisfaction hearing even recalcitrant adversaries say new system better one went deeply rewarding . The new system appears far complex , ultimately easier thorough ."
0,"It might seemed like manna heaven - thousands dollars dropping , often unexpectedly , hands half-million Kentucky Indiana residents month . A recent law proposed congress resulted seizure thousands dollars Kentucky residents ."
0,"If , however , evaluation question requires GAO report satisfactory progress reasons problems implementation , staff site time , ricHe'st thickest base examining situation many people involved see , sounder causal conclusions subsequent recommendations . If GAO report progress , recommendations much poorer quality ."
1,The rule requires broadcasters maintain file public inspection containing Children 's Television Programming Report identify programs specifically designed educate inform children beginning programs furnish information publishers program guides . The rule makes broadcasters keep file children 's television programming .
2,"No matter I ended , I think I would found way within profession public work , 's I taught , Zelon said . This like using postition banker help make regulations better public ."
0,"Also , compensation committees need understand implications compensation provide incentives management right thing company shareholders versus . The implications compensation provide incentives management right thing company shareholders versus always ignored compensation committees ."
1,"So , I went court told truth , n't good . I went told truth court n't good ."
1,"According executive , town hall meetings helped improve customer satisfaction levels veterans identified concerns important , gained direct access VBA employees working benefit claims , better able understand claims process . The hall meetings helped improve customer satisfaction levels , said executive ."
1,"The With attorneys one year graduate school facing average debt less $ 90,000 starting salaries legal aid organizations averaging $ 31,000 , could n't afford job . New attorneys massive law school debt ."
1,Critical product development process activities enabled capture specific design manufacturing knowledge decision reviews determine knowledge captured would support increased investment necessary move next development phase production . The knowledge captured would determine next step development production .
0,"National saving represents resources available investment replace old factories equipment buy better capital goods . Old factories equipment never replaces , even national savings ."
2,"Without support federal finance organizations , program managers may able determine defend cost associated benefits derived government activities . Federal finance organizations best source information program managers ."
1,"In 2000 , GNP less GDP income receipts rest world less U.S. payments rest world . The US paid rest world rest world received income ."
0,"Due rationalization delivery cost U.S. , postal densities sparsely populated areas higher densities sparsely populated areas France . Postal density refers amount junk mail delivered given area ."
0,"The production anhydrous ammonia U.S. 2000 approximately 17,400,000 tons ( equivalent anhydrous ) apparent consumption 22,000,000 tons 4,600,000 met net imports , shown 2001 edition U.S . The US produce anhydrous ammonia year ."
1,"The Commission unwilling recommend interpretation statute produces consequences , absent express congressional intent burdens imposed . Unless congress expresses intent burdens imposed , Commission unwilling recommend interpretation statute produces consequences ."
2,"Currently OASI DI make payments Account , HI receives payment . The Account easiest way keep track payments made OASI DI annual basis ."
0,"However , I believe additional actions board AICPA management needed restore trust confidence Institute longer-term . Trust confidence Institute lost forever ."
0,There nonetheless number practices alternative strategies senior executives leading organizations use help define institute CIO positions effectively meet business needs . There practices strategies help CIO positions meet business needs moment .
0,"There 's sort bidding war going , law schools offering ever-increasing financial packages -- loans , said Dean Glen . No one really cares new students coming institutions ."
2,Comments regarding enforcement issues questions raised regulated industry addressed EPA four Detergent Rule Question Answer Documents . All issues questions raised regulated industry addressed EPA .
1,"5 billion , households ' wealth declined nearly $ 842 billion ( 2 percent ) largely result drop market value households ' stock holdings . The value households ' stock holdings dropped contributed decline household wealth ."
0,"Although great deal attention paid wealth effect stock market boom 1990s , half American households stocks 1998 , according 1998 Survey Consumer Finance . There stock market boom 1990s ."
1,"Moreover , realignment help us enhance longterm capacity improving recruitment retention ; building succession plan ; focusing emerging issues ; leveraging technology opportunities improvements clients , processes , employees . Long term capacity improved realignment ."
0,"Acidic deposition acid rain occurs SO2 NOx atmosphere react water , oxygen , oxidants form acidic compounds . Water nitrogen atmosphere cause acid rain ."
2,"According HUD staff , Economic Analysis submitted OMB , HUD made changes Analysis maintain consistency rule , minor changes made described . It took staff one month make changes Economic Analysis ."
1,"In circumstances , auditors may issue limited official use report containing information distribute report parties responsible acting auditors ' recommendations . Auditors issue limited official use report information ."
0,APHIS rejected first alternative believed scientific evidence permitted importation beef Argentina certain conditions permitting importation would contrary trade agreements entered United States . The trade agreements would conjunction agreement .
2,Sometimes funds devoted retraining existing nontechnical personnel supply IT expertise . Sometimes funds devoted retraining existing nontechnical personnel understand program computers .
1,"Given assumptions economic drivers scenarios , AMIGA model calculates capital investment , operation maintenance , fuel costs necessary meet consumer demand electricity . The AMIGA model finds capital investment ."
1,"For Columns 5 though 8 , amounts change lines 1 2 , compared columns 1 4 , outbound attributable cost inbound revenue . Only outbound attributable cost inbound revenue change lines 1 2 columns 5 8 ."
0,"In states , may possible develop implement statewide initiatives improve service delivery , increase resources , enhance capacity system meet civil legal needs low-income people without altering service areas historical relationships . In states necessary develop implement statewide initiatives ."
0,In paper examine hypothesis cost model provides reasonable estimates unit costs posts industrialized countries . It n't possible estimate costs without going budget office country .
2,"These laws emphasize involving senior executives information management decisions , appointing senior-level chief information officers , using performance measures assess contribution technology achieving mission results . There laws involve senior executives make information management decisions public companies ."
2,"In regard , evaluated set 50 policies improve technology performance characterization residential , commercial , industrial , transportation , electricity generation sectors . At least 25 policies responsible growth residential sector ."
2,"I 'm huge , overwhelming sea debt , said Jennifer Arons , 28 , criminal defense staff attorney Manhattan Legal Aid . Jennifer claims debt six digit mark point ."
1,"As , reviewed OMB based information supplied Departments , included planned regulatory action documents describing reason rules assessment costs budgetary impact rules . The review OMB included description reason rules ."
1,plant emits 0.1 pounds mercury plant emits 2000 pounds mercury - regardless cost - neither efficient necessary . Plants emit mercury necessary .
2,"As noted , LSC case count 1999 includes cases meet LSC eligibility criteria , regardless funding mix particular grantee . The LSC included cases tupe funding ."
2,Nor common start end point identified design review element facility acquisition process . A common start end point identified facility 's construction .
2,"When looks back year , Rubin said hopes foundation new programs , higher profile rejuvenated board . Rubin want working program year ."
0,"Adopting unified approach reduce SO2 , NOx mercury better looking pollutant separately synergistic effects . Mercury , NOx , SO2 best considered harm reduction , since bear relation ."
2,Longabaugh noted new creative interventions may developed ED rest field want adapt explore . Longabaugh investigative journalist thirty years experience .
1,"Adrienne Worthy , executive director Legal Aid , said agency receive $ 400,000 less federal funds 2003 , 2000 Census found 30,000 fewer poor people West Virginia . Federal funds dependent upon populous serve ."
2,"Such program , coupled appropriate measures address local concerns , would provide significant health benefits even increase energy supplies maintain reasonable electricity rates . Significant health benefits worth many costs , save economy lot money anyway ."
0,"An environmental expert may study winds flowed old Wingate landfill incinerator 's smokestacks , identify wide areas people may exposed toxic chemicals . Trying identify placed people could exposed toxic chemicals impossible ."
2,"It conducts numerous CLE accredited trainings year , coordinates bi-monthly statewide task force meetings areas family , housing , public benefits , consumer , immigration seniors law . Many people attend statewide task force meetings offered topics ."
2,"For example , one industry case study organization sponsors 3-month course retrain 2,000 legacy employees project management skills . One case study organization sponsors course lasts 3 months costs $ 10,000 company enroll ."
2,It assumes cost-of-service areas ( power sales likely occur ) allowance allocations alter pricing electricity . Allowance allocations definitely alter pricing electricity cost-of-service areas .
2,We also show advocate component statewide websites promotes effective representation sharing legal resources expertise - generally function legal work supervisors . Legal work supervisors usually tasked sharing legal advice resources .
2,"For years , Congress working increase effectiveness information technology management federal government . Congress special budget information technology management federal government ."
1,"NJP operates CLEAR -- Coordinated Legal Education Referral System -- provide telephone internet-based referral , advice , brief service , community legal education intake services throughout state . NJP provides internet-based help assistance seeking legal help ."
0,Our analysis Clear Skies Act includes quantitative estimate two environmental recreational visibility ozone effects agriculture . A qualitative estimate two environmental recreational visibility ozone effects agriculture included analysis .
2,Analysis information revealed two organizations defined design review process various elements exactly manner . Many organizations radically different approach design review process .
0,"They heeding call growing pool law schools , first time pointing graduates new direction teaching get . They answering call pool law schools ."
0,"Sometimes people represent n't even know significant facts case . The law easy understand , representing court best way win case ."
0,"Adequate DO maintained replacing air water bags oxygen compressed gas cylinder , sealing bags use airstone supplied portable pump . Adequate DO replaces air water ."
1,"Greenhouse gas emissions addressed context climate change , undertaken President 's Cabinet level working group . Greenhouse gases climate change worked President 's Cabinet ."
1,"Over past two decades , Comart seen role Pine Tree change response federal funding cuts stricter regulations . The role Pine Tree changed past twenty years ."
2,"U. S. Army Corps Engineers ( USACE ) , Construction Industry Institute ( CII ) ,3 FFC efforts , well others , augment study . The FFC augmenting study funding original researchers three years ."
1,"Under current law , LSC recipients may provide legal assistance alien alien present United States falls within one several designated LSC recipients may provide legal aid foreign people ."
1,"However , obtained order engage patient treatment , information protected federal regulations require express , written permission patient shared others . If needed contact patient information leaked ."
0,"Since NOx emissions result formation ground-level ozone , reducing NOx emissions reduce ozone levels thus reduce deleterious effects ozone human health ecosystems . Reducing NOx emissions effect human health ."
0,"( 5 ) ( A ) The term baseline heat input means , except subpart 1 part B section 407 , average annual heat input used unit three years unit highest heat input period 1997 2001 . The baseline heat input lowest annual heat input 3 years ."
1,"Because companies know deliver high-quality products quickly affordably , limit challenge program managers provide strong incentives capture design manufacturing knowledge early process . Companies know deliver best quality products quickly ."
0,"We recognize federal agencies , including GAO , might able achieve additional savings taking advantage frequent flyer miles government travel . GAO end spending money government travel costs use frequent flyer miles ."
2,"Moreover , CBO 's inflated baseline assumes discretionary spending-which controlled annual appropriations-will grow 2002 rate inflation . Moreover , CBO 's inflated baseline assumes discretionary spending-which controlled annual appropriations-will grow 2002 rate inflation , perhaps even , depending inflated baseline becomes thereafter ."
1,"The kiosk used Williams part statewide effort cope flood litigants afford refuse hire lawyers . The kiosk attempt easing flood litigants unable , refusing , hire attorneys ."
1,"Federal Acquisition Streamlining Act 1994 ( FASA ) ( Public Law 103-355 ) This law requires agencies define cost , schedule , performance goals federal acquisition programs ( include IT projects ) monitor These programs ensure remain within prescribed tolerances . This law demands agencies define various goals acquisition programs ."
0,"Once production , programs cut quantities maintain funding fielded , rely operations maintenance budget pay reliability problems solved development . Once production , programs cut quantities ."
2,"He also noted upgrade would large expensive effort , unclear , ever , hypertext links could added Federal Register . Ugrades headache ."
0,"To give reader basis judging prevalence consequences findings , instances identified related population number cases examined quantified terms dollar There population quantified dollars ."
1,"Professor Cleveland worked two years ( 1994-1996 ) Florida Legal Services Skadden Fellow , conducting civil impact litigation behalf Caribbean H-2A migrant farmworkers southeastern U.S . Professor Cleveland worked Skadden Fellow two years ."
0,Figure 6-3 compares available boilermaker labor demand electric utility industry includes retrofits Clear Skies Act . Retrofits Clear Skies Act change demand .
0,"Therefore , discussion applications described based relatively extensive field experience ( questions domains justice , education , welfare , environment , housing , foreign aid ) , discussion applications based constrained experience . Discussion solely based extensive experience like housing education ."
1,The Administration support legislation would cause significant decline nation 's ability use coal major source current future electricity . Legislation would cause decline using coal source energy supported Administration .
1,"Moreover , U.S. worldwide ammonia business struggling slumping domestic demand increased global capacity product nitrogen fertilizers derived , urea . The ammonia business facing competition urea business ."
1,"The Legal Services Corporation Board Directors adopted Resolution 98-011 , November 16 , 1998 , providing authority establish Commission express purpose studying presence requirement representation eligible aliens . Resolution 98-011 focuses presence requirement representations aliens ."
2,"LSC requires grantees state work equal justice stakeholders develop justice communities best respond clients ' compelling needs , ensure strategic cost-effective use available resources , maximize opportunity clients statewide receive timely , effective , appropriate legal services . Legal services include best lawyers town ."
0,"Regardless timing recording T A data , management must place system control techniques gives reasonable assurance recorded information reflects time worked , leave taken , absences . There need system control techniques existing practices always accurate ."
2,Additional circumstances associated public safety security concerns could also justify exclusion certain information report . The information excluded regards individuals working government hostile areas .
1,Core competencies supporting The agencies identified core competencies supporting behaviors senior executives follow intended contribute agencies ' achievement performance goals . Agencies set performance goals senior executives help achieve .
1,It assumes cost-of-service areas ( power sales likely occur ) allowance allocations alter pricing electricity . Cost-of-services areas areas power sales likely occur .
0,"Unfortunately , civil legal needs low-income Americans adequately met due severe funding shortages federal state level . Fortunately low-income Americans , civil legal needs met free charge ."
2,"The difference , , reacquisition price net carrying value extinguished debt recognized loss gain accounting interest Treasury debt . This best way represent Treasury debt ."
1,"Although merger discussions continued among four programs , March 2000 two programs vote favor merger plan , therefore plan moved forward two Legal Services Organization Indiana , Inc. Legal Services Northwest Indiana , Inc . Among four programs , merger discussions continued 2 programs vote march 2000 ."
1,Leading commercial companies achieved predictable outcomes product development processes identify control design manufacturing risks early manage effectively . Desirable outcomes achieved part identifying design risks early .
2,"Suggestions improve current process implemented , result , LSC sending feedback letters applicants filed grant proposals 2003 funding begin dialogue applicant 's delivery system based grant application . There five hundred suggestions improve current process ."
0,"Although may several ways jobrelated mortality risks differ air pollution-related mortality risks , important difference may job-related risks incurred voluntarily , generally assumed , whereas air pollution-related risks incurred involuntarily . People control job related risks ."
0,"Exhibit 8 provides summary base WTP values used generate estimates economic value avoided health effects analysis , adjusted 1999 dollars , brief description basis values . The values used generate estimates available ."
0,"The act requires auditors 24 departments agencies named CFO Act report , part annual audits agenciesa financial statements , whether agenciesa financial management systems comply substantially federal financial management systems requirements , applicable federal accounting standards , SGL transaction level . The act require anything auditors ."
1,"At times recent years , office received state federal funding month-to-month basis , one federal official called one step short defunding . The office gets state federal funding ."
2,It 's questions asked n't interesting legitimate ( though fall category already asked answered ) . All questions interesting according focus group consulted subject .
0,"Felicia 's Journey takes place behind eyes central young Irish girl , Felicia , crosses sea England hopeful quest find father unborn child ; fat , middle-aged catering manager , Hiditch , takes paternal interest lass becomes clear young man caddishly given slip . The woman care man long far ."
0,"As long household order , fretting neighbor 's spending habits lot like fretting color living-room rug . You worry color neighbor 's rug ."
2,"I mention Monica lecture , first question I asked President Clinton could job distractions caused Monica Lewinsky affair . They wanted get lecture without problems ."
2,"Putting aside stage horse-drawn conveyance , popular delicatessen , part rocket , opportunity mock Gail Sheehy ( seems get free ride News Quiz participants ) , question demanded invention violent theatrical event , 's easy . Gail Sheehy popular target mocking shows ."
0,"In increasingly interdependent world , many pressing problems affect Americans addressed cooperation countries . We independent stay away talking working nations ."
1,"Just Daily Worker New Masses , socialist papers 1930s , peppered citations Marx Engels , Educational Liberator peppered references libertarian equivalents -- Friedrich Hayek Ludwig von Mises . Citations Marx used socialist papers 30s ."
1,"He mostly hangs group older , Southern black men , call Jumper Black Cat . The group guys tends hang gave nickname Jumper ."
1,It 's commitment general education -- sequence courses intended develop critical thinking wide variety disciplines -- opposition early specialization . General education 's focus develop students ' critical thinking skills .
0,"Richardson 's need make Picasso serious artist honorable man ( instead inspired poetic rascal actually ) deforms , , account Picasso 's relations women , writes . Picasso gentleman inspired poetic rascal ."
2,"Over past eight years , school acquired $ 88 million real estate Allston section Boston without revealing identity prospective sellers . Over past eight years , school acquired 88 million real estate Allston section Boston remaining completely anonymous even students ."
2,"But show would meant museum taking hard look , often controversial part art world . The museum n't want look closely part art world ."
2,"In culture Xena Hercules hit TV shows , 's lot fun imagining valiant warrior business-as-battle admit 're pudgy functionary whose daring deed draft boldly worded memo . Xena Hercules hit shows CBS ."
1,"The New York Times ' Janet Maslin says film works precisely derivative -- stars , Matt Dillon Gary Sinise , emulate characters The Usual Suspects , gives extraordinary opportunities preen . The movie stars Matt Dillon Gary Sinise ."
1,The Citizens United States America right applaud given mankind examples enlarged liberal policy worthy imitation . The citizens U.S. supposed proud .
2,Washington Post reports two attempts private companies grow embryos -- practice banned among federally funded researchers allowed private sector . The Washington Post first company report attempts private companies growing embryos .
2,"By one estimate , Russia 's economic output would double Russians simply sold natural resources instead trying make something . It possible Putin wants develop financial independence work skills Russians loss money less profit merely selling materials worth manufacturing expertise gained people create goods within country ."
0,"He much experience , shown last interview , lot us could benefit . It obvious interview experienced people look ."
0,"When married 1901 , wife ( Olga Knipper Moscow Art Theater ) went directly ceremony honeymoon sanitarium . His wife never went sanitarium ."
2,"Rips sufficiently enraged Statistical Science 's acceptance rebuttal paper retained lawyer , advised journal accusations article published ... Rips enraged Stastical Science 's acceptance rebuttal nonchalant attitude retained lawyer would advise journal accusations published ..."
1,"Chambers developed increasing reservations later years direction American right taking , distancing first Joe McCarthy , Richard Nixon , even William Buckley Jr. 's National Review . But Chambers ' importance lies , finally , politics romantic penchant extremes psychic political undergrounds . Chambers built wall McCarthy Nixon ."
1,"If food medical care tripled cost , people would necessity spend less things pay increase cut food medical care purchased . People would cut spending areas food medical care increased ."
0,"And self-righteous demands international labor We , opponents globalization insist , willing buy sneakers shirts unless people make receive decent wages work decent conditions . There little demand cheap goods international labor ."
1,"Gigot thinks tax fraud proceedings Hubbell legitimate ordinary , everyone else regards indictments trumped-up mini-crimes meant squeeze Hubbell giving Starr wants -- cooperation . There disagreement whether Hubbell 's tax fraud charges conducted proper manner ."
0,Women large part labor force hard believe could true total also true women . Men huge part labor force ones matter .
2,"Randall tells Enquirer baby , Jefferson , named 19 th century comic actor Joseph Jefferson say Randall actually attended actor 's performances . Randall fact attend many Jefferson 's performances ."
2,But editors Daily Cal could n't say 'd martyred campus renowned leftism ? Some editors Daily Cal mentioned campus leftist .
2,News accounts agree Arafat finally shed image terrorist honored White House virtual head state indispensable player peace process . Arafat distaste terrorism wants peaceful america
2,"Insofar best Japanese corporations global hegemons thought would , may everyone else learned , course exactly competitive markets supposed work . Japanese corporations global leaders 20th century ."
0,"Oh well , 're destined matrimony lifetime , perhaps circumstances someday allow buy beer Dr Pepper something . If married , I buy beer Dr. Pepper ."
1,"Praise goes Kirstie Alley , plays aging ex-model lingerie Less frenetic Lucy , mature Mary ( Richard Corliss , Time ) . The Washington Post 's Tom Shales dissents , calling Alley unwatchably neurotic virtually perpetual feverish tizzy . Kirstie Alley plays older ex-model tv show ."
0,"But Chinese try buy favor Democrats , may already owned Republicans . If Chinese tried buy favor Democrats , 's Republicans rejected ."
2,"Republicans face prospect running 1998 discredited , unpopular speaker nonetheless impossible dethrone , record accomplishment . The Republican speaker approval rating 27 % ."
2,"Thus , close scrutiny , Zapruder film 's ultimate revelation Abraham Zapruder conspirator . In Zapruder film revealed conspirator , shock public ."
0,"A Utility Maximizer wants acquire many things , including cash , also things trips beach , time watch TV , adorable grandkids , ( probably important case ) professional prestige . Someone want acquire many things Utility Maximizer ."
2,"Time describes crash landing vivid detail ( right alien giving first aid wounded colleague ) , concedes downed spacecraft undoubtedly military balloon . Time intentionally misleads reader believing alien story ."
0,"Local columnists pointed number errors unsubstantiated stories Davis ' two books Los City Quartz ( 1990 ) Ecology Fear ( 1998 ) . Ecology Fear , according columnists , contained errors Los City Quartz n't ."
0,"The value Philly 's program , observes former New Jersey Superior Court Judge Daniel R. Coburn , separates minnows sharks , holds minnows accountable hence less likely become sharks , let alone become predatory Great Whites must incarcerate . The value Philly 's program n't separate minnows sharks ."
0,"There smart people -- notably Harvard 's Jeffrey Sachs -- believe , view Asian economies gone seriously rails well last summer , kind unpleasant comeuppance inevitable . I think Asian economies great ."
0,"This pity , caustic tone shallow glosses undermine bold worthy write readable one-volume history American people . The book phenomenal faults ."
2,"We 're told Estella 's inner struggle -- tug war punishing cock-tease aunt engineered inherent decency -- conflict n't palpable Paltrow 's paltry performance . At end movie , Estella embraces inherent decency right thing ."
0,"We n't much leeway around 'one two drinks day , ' said , n't known whether encouraging moderate drinking also encourage excessive drinking . It 's established fact encouraging moderate drinking increase rates binge drinking ."
1,"How terrible reach end one 's life , Monet written 1899 , death landscapist Alfred Sisley . Monet wrote tragedy reaching end one 's life ."
2,But real problem diGenova Toensing n't pundit addiction neglect investigation Democrats would soon neglect anyhow . Both diGenova Toensing personal reason pay attention investigation .
1,Rupert Murdoch rumored interested buying turning West Coast version New York Post . A circulation-hungry Willes vs. rapacious That 's kind fight American newspaper industry needs . It rumored Rupert Murdoch interested buying turning West Coast version New York Post .
1,"It runs advertisements supporters top shows strikes business deals MCI , TCI , Disney , still insists 's commercial . It runs ads supporters shows strikes business deals , insists commercial ."
1,"When agencies lose major accounts , often fire nearly everyone involved account . If agency loses big account , 's uncommon fire everyone associated account ."
2,"Today economy truth sometimes means lie , albeit one whose seriousness may debatable . Politicians days hard time noticing difference economy truth one lies ."
2,"To accomplish , board must raise lower interest rates bring savings investment target unemployment rate line . Accomplishing board 's goal long time ."
1,"Dutch World , sorts fictional characters created Edmund Morris come play children ages ! Edmund Morris created world called Dutch World , place made characters play children ."
0,"Or , put another way , sense asking entirely different Is really requirement sophistication place provides good bookstores , movies , plays , museums , music , cuisines , opportunity erotic intellectual freedom ? Sophistication requires people intellectual freedom ."
1,The point David Frum 's argument Gay Marriage dialogue seems boil Look severely worse marriage changed last 30 years . The point David Frum 's argument Gay Marriage dialogue seems boil Look severely worse marriage changed last 30 years .
1,"But vouchers ca n't kind conservatives prefer , sharply limited value forestall real integration directing tenants toward private-sector slums . These vouchers type conservatives tend prefer ."
2,"And ( Tom wonders book 's opening line ) characters one God 's dreams ? Tom 's last thought , reflected opening line book , could part God 's dream ."
2,"And , SurfWatch 's promotional literature happy point , filters help protect management liability permitting sexually explicit material workplace . In past , management held liable allowing explicit material workplace ."
2,"In big finale , men women tiny swimsuits perform nearly pornographic water ballet giant glass-walled tank , row topless showgirls roars onto stage Harley Davidsons lasers trace American Icons -- Statue Liberty , profiles Washington Lincoln , flag-raising Iwo Jima -- onto wings stage , 15-piece pit band plays Bruce Springsteen 's Born U.S.A. Greed , liquor , jingoism , bad taste , utterly compelling entertainment . The finale crass disgusting lots nudity ."
2,"Nor rich maintained audible indicator , quasi-English , quasi-lockjawed accent swells Depression-era movies . The accents Depression-era movies gone years go forgotten ."
1,"Featuring prominently exhibition Tate Gallery London , said bed artist spent week contemplating suicide breaking boyfriend . The Tate Gallery exhibit ."
2,"Deputy Attorney General Eric Holder , suggested Justice Department , rather biased independent counsel , investigate Baitgate . Eric Holder predictably suggested Justice Department investigate rather agency ."
2,"What fad foreign IPOs ignores massive uncertainty still attached foreign markets , even led U.S. investors overlook everything take granted regular reports , corporate accountability , open books , Securities Exchange Commission . In fact , 30 % international startups fail first quarter ."
1,"Richardson 's need make Picasso serious artist honorable man ( instead inspired poetic rascal actually ) deforms , , account Picasso 's relations women , writes . Richardson needed make Picasso serious artist honorable man ."
0,Referring matter permanent independent prosecutor 's office would far less fraught appointing new independent prosecutor would carry less stigma . An independent prosecutor would terrible idea .
0,"And correspondent reminds us , people ran LTCM understood sort thing -- indeed , Nobel laureates got prizes , guess , developing modern theory option pricing . The people running LTCM poorly educated generally unqualified ."
0,"The salient questions , outlined , relative whether Democratic promises refrain spending surplus less trustworthy Republican promises match tax cuts spending cuts , hypothetical error -- excessive spending excessive tax cuts -- would harder reverse . It 's hard determine sincere Democrats promising cut taxes Republicans talking saving surplus ."
0,"If AltaVista 's list search refinements generated human , instance , might helpful . If AltaVista 's list search refinement suggestions human-generated , would exponentially less effective ."
1,"One drawings view MoMA diagram races , Jews identified circumscised [ sic ] cut Earth . Jews think drawings MoMA diagram races teaching circumcision ."
2,"And since pleasure derived smoking marijuana core issue , consider third Rats n't like pot . Since pleasure smoking marijuana key issue , consider third Rats n't like pot makes paranoid ."
0,"Perhaps n't , mind conclusion Aesop 's famous fable -- one mice decided protect sly treacherous enemy , cat , tying bell around neck . Maybe thought end story dull ."
1,"Some would big media erect Fifth Columns within walls , navel-gazing n't automatically impress , Times-Mirror flagship Los Angeles Times learned publishing 30,000-word self-examination Staples Center scandal . The Times-Mirror flagship Los Angeles Times learned navel-gazing n't always impress ."
0,"The craziest poor sucker group 20,000 bidders Internet likely crazier craziest one among 200 Burbank hotel ballroom . 120,000 people bid internet ."
1,"[ Y ] ou would probably traipsing New York right , enjoying many misadventures , like latter-day Ann Marie , Marlo Thomas ' character 1966-1971 TV sitcom That Girl . Why , even resemblance ! You could New York adventures right ."
0,"In tragic examples , charismatic professor entice lifetime French medieval history , curiosity exhausted get Ph.D.s . Even charismatic professor ca n't entice lifetime French medieval history ."
2,Much opposition nothing planned obsolescence everything concern Monsanto 's infertility gene might leap seeds fertile seeds adjoining farms eventually render fertile strains infertile . Monsanto intend spread infertility crops .
2,"A December 1996 article al-Hayat , Arab newspaper published London , asserted Albright , Jew , would dangerously pro-Israel secretary state . The article published pressure London government ."
0,"But chances finding replacement gig dwindle every lost job every looming birthday . Every time loses job , trouble finding replacement gig immediately ."
2,"The one area Stevenson correct increasingly hard educate young people real dangers drug use . Stevenson typically wrong , right discussing drug use educating youth ."
2,"Critics chalk Calder 's previous low standing abundance sculptures made '60s corporate plazas , labeled mostly boring ( Robert Hughes , Time ) . ( Click National Gallery site . ) They impressed majority artist 's pieces ."
0,"Penrose licensed pattern Pentaplex Ltd. , manufactures puzzles games , parties suing Kimberly-Clark , original makers Kleenex , copyright infringement . Pentaplex Ltd Penrose currently involved litigation ."
2,"The Giants say team owners rooting scheme , calls question profligate public subsidies . The public subsidies include money used buy helicopter rides hookers ."
2,"The final four day tied 4 par going back nine , obvious , watching labor away , unsmiling , endurance test see could avoid crashing disintegrating national television . They remained tied last hole ."
0,"[ E ] ven taken notch two , [ cities ] remain , virtue concentrations energy intellect , center American political imagination . Cities never important American politics ."
1,"We talked ( almost broke several times ) , getting better , ... This problem us nearly split us , working ."
2,There subtle sexism The female domestic tycoon obliged behave better guys . The Female Domestic Tycoon sexist says men better women
2,"The author urges sides admit defeat move . The author want side either side , want cause conflict , told sides move move past problem ."
0,"If car insurance tax-free benefit , would n't surprising find employers picking low-cost insurers make visit preferred mechanics skimp coverage Land Rovers minivans . Car insraucnce offered employer ."
1,"Others tow cars within one-mile radius , weld closed manhole covers , remove trash cans , lock mailboxes , assign 7,000 cops scene , denying existence specific threat . Others assign 7,000 cops scene deny specific threat exists ."
2,"The picture reportedly ended shot black smoke coming stack -- 'll never know The Day Clown Cried judged obscene released , Lewis went back parading doomed kids across TV screen telethons , Americans goggled stamina , senators nominated Nobel Peace Prize . The picture ended shot black smoke coming stack ."
2,"Another theory holds Asian women particular better designed hips Caucasians , making like inflatable punching toys ca n't knocked , thus less likely suffer hip fractures . A theory says diet Asian women caused less hip fractures ."
0,"The distinction blurs bit Fantastic Voyage , movie Raquel Welch part medical team shrunk microscopic size injected body guy brain tumor . There movie named Forever Voyage ."
2,It 's n't study ferociousness all-out commitment people realize ( parents realize ) outstanding school performance one shot big-time opportunity America . Success America depends upon well school .
0,"The Israeli press , historically respected agency 's request probe workings , splashed stories across front pages . The Israeli press honored agency 's request expose workings ."
1,"Stephen King dumped longtime publisher , Viking , seeking $ 17 million new book . Stephen King new book , longer working former publisher ."
0,It 's probably therapeutic Slate 's two warriors taking time inquiries House Budget Travelgate organize thoughts place universe . The best thing Slate 's two warriors give permanently Travelgate become monks .
1,Rothko 's journey literal figurative darkness left behind shimmering trail canvases mark many people high-water mark spiritual beauty emotion modern art . Rothko left lasting impression many art .
1,"The camera goes tight show complex emotions various facial tics playing across Clooney 's handsome mug , hear fusillade gunfire -- seems go forever ! Close character played George Clooney , handsome expressive actor , sound gunfire rings air ."
2,"At top escalator , phat lady made sharp left silky hedge Liz Claiborne blouses confer salesclerk . The phat lady asking salesclerk latest trends ."
1,Christian Coalition head Pat Robertson described resumes published autobiography Marine officer assigned combat duty Korean War . Pat Robertson said marine officer Korean War .
1,"All would take prominent politicians stop elevating lobbyists high office , quit taking calls . It would require notable politicians halt putting lobbyists high offices ."
0,"During NewsHour discussion Vernon Jordan 's testimony , Shields comes bizarrely malapropos comment Vernon Jordan 's elocutionary style reminds nothing Barbara Jordan 's measured diction . During discussion , Shields flew room perched window sill ."
1,"Political consultants given edge race candidate best addresses concerns education , economic development , security depend San Antonio 's military bases . The candidate likely win one addresses education reform , improve economy military security ."
1,know season guess level uh lose next level decide recall parent team Braves decide call recall guy triple A double A guy goes replace single A guy goes replace You lose things following level people recall .
2,yeah tell though go price tennis shoes see know 're getting hundred dollar range The tennis shoes range prices .
1,walkman broke 'm upset turn stereo real loud I 'm upset walkman broke I turn stereo really loud .
2,'s 's quite bit think six something state uh rest pie goes elsewhere 're particular part state 's pretty well 's 's like get lot back far local taxation goes I know exactly local taxes go .
0,really heard something supposed starting huge campaign New York um child abuse stopping child abuse 's supposed like 's starting supposed like big nationwide campaign know hopefully take really something n't know 's It 's unfortunate nobody organizing child abuse campaign .
2,often think gee wish video camera could sure use ten thousand dollars like things like Evening Shade Burt Reynolds really enjoy uh Video cameras I need expensive .
2,"well hot mean like like coldest gets winter much It 's hot time I live , including winter ."
2,supplied uh know groups uh Vicksburg ever get chance go Vicksburg battleground Vicksburg uh 's area uh Texas uh groups interesting time There also North Carolina troops Vicksburg .
1,right right well 's 's beautiful city problem like first example young took Las Vegas boring place earth I think Las Vegas boring place I know .
1,lot rules regulations n't real clear manager environmental assist TACB located Austin writing hey look 've done TI There rules really clear ask manager help .
1,yeah 's kind like Louisiana uh guy 's like Ku Klux Klan member something got elected kind scary think A Ku Klux Klan member elected Louisiana .
1,'m 'm really impressed mean lived Germany three years 'm impressed skiing like like know winter sports 'm real thrilled I big fan winter sports .
1,started watching like new ones pretty cool got like uh like special like especially things like fuck mind The new ones things fuck mind .
0,keep taking money us yeah people get n't incentive work 're gon na take fifty percent People lot incentive work take home every penny earned .
0,guess financial planners training 've four years got businesses life line manage credit cards put away say know money markets kind thing The financial planners assist people issues related credit cards .
2,oh yeah mean north Texas quite bit know want go particular movie concert discounted thing big thing rodeos uh I try get discounted prices I .
1,uh 's 's many people get many different opinions like well n't well n't n't stuff n't want get involved Opinions tend vary .
1,yeah want least know would n't surprises order type know service want stand good chance know pick least part bill You may foot bill order service want .
2,um think time come 're going see happening 're going see um high risk people pay premium find way prove It would take time high-risk people start paying premium .
0,yeah 's strange well 's strange use way 'm even day know vegetables really turn read much information says healthier way go know body wants body really needs think 's real reason eating know know 's taste 'm boy taste person 'm taste person vegetables taste nice unlike types food
1,uh stick things 's mean would n't cost great deal money uh It would n't cost much money stick things .
0,"yeah yeah glad see y'all taken care well think changed everything uh uh y'all y'all ones make money TI last two years In past years , one made money TI ."
2,oh well n't find lot time watch TV lot time find day 'm rocking little girl sleep watch lot reruns old shows I enjoy watching old reruns I find calming .
0,never minor league city came Dallas minor league city came fifty nine immediately bought season tickets uh class triple A uh uh Dallas Rangers Dallas always majors .
1,yeah know think defense really wins wins uh long run best half back best quarterback n't blocking maybe ca n't anything I think good defense important thing need win games .
0,n't ever feel need dress warmly n't travel far work uh uh clothes winter time I catch plane go work .
0,know um n't know anybody right mind says 'm want I know people think I 'm I desire .
2,yeah well uh 're uh really sailors want summer soon um hire sailboat captain since 're know versed uh go Caribbean He sailed little .
1,uh know large acid spill know well gee maybe better check person 's handling acids know work wafer fab lot chemicals acids Acid handled workers .
0,think n't know uh 'm unhappy well 'm 'm sort semi fortunate right 'm graduate student n't make much make n't taxed highly 'm still school I never college student .
2,"near much 'd like mean 've tend stay pretty busy job uh If job n't busy , I lot ."
0,living Mexico trying raise several children could see across border good life would children I believe Mexico best place raise children .
1,um-hum yeah end well yeah mean lot like even weekender kind things go one two nights uh 's favorite thing lot often like uh particularly uh fall spring insects n't come yet uh 're already gone uh know spend almost every weekend mountains guess live five hours away place go hiking I n't mind camping couple nights fall spring .
2,mess camped beach one time sort miserable could n't everywhere went sand could n't even 're eating bed It bad idea camp eat beach .
0,"would sort like uh think something way uh uh sort sporty car know luxury type sporty one um I 'm thinking functional , ordinary type car I would n't mind luxury car either"
0,'re going yes general like exercise like dance lot mean aerobics something 'd hate give I hate exerising .
1,think local elections 's actually um think um think people vote larger elections feel like well know country 's real important know elect help elect president 's going save us whole country saved figure local elections n't mean much suspect people n't really worry local mayor something figuring know um think wrongly figuring well good another mayor going anyway federal taxes important right know stuff like people think n't um n't n't matter much whereas think 's probably opposite true think 's probably case people could effect local level I think people vote presidential elections local elections .
2,"cauliflower would cook garlic bread green salad tea 'd lemon pie dessert For birthday dinner , I make cauliflower , garlic bread , green salad tea drink , lemon pie dessert ."
2,oh yeah 's uh 's 's real interesting movie 's got good historical perspective That movie thought provoke brought many good points .
1,dad 's got new um guess 's eighty nine ninety uh Chrysler something 's one transverse mounted V sixes front wheel drive My dad new eighty nine ninety Chrysler transverse mounted V front wheel drive .
1,right think 'd type problem say Mexico uh Canada hand uh English one national languages We probably issues Mexico Canada regards use English language .
1,um-hum yeah takes lot concentration mean type thing making little things Christmas also made little thing baby gift uh thought oh watch TV wrong I making things gifts .
1,uh health food stores send buy cookies larger quantity get deal uh main supplier There health food stores buy cookies bulk better deal .
1,uh played softball church team fun although church team made nationals ranked fifteenth nation know 'm proud I played softball church team fun .
2,would hobby 'm 'm mechanical mechanical engineering interested know six years stayed home son nothing found know great bored part time wanted something else I bored mechanical engineering I seek hobbies .
1,um-hum yeah 's kind 's kind strange way things go uh accident one 's injured police wo n't even show The police n't show nobody injured .
0,uh Yount 's player uh year year always uh leading team uh offensive categories Yount helpful offensive categories .
1,"really kids grown gone away home new family know two cats dog never really well time devote know nearly much time 've really become children 're 're real characters really well Since kids grown gone , pets fill spots ."
0,um husband grandmother nursing home real mess say least It 's dream moved husband 's grandmother nursing home .
0,right yeah spend lot time Charlotte uh regular TV cable pick four PB three PBS channels You get sorts cable channel access Charlotte .
1,Breyiana Breyiana look please second quite please hear talk second go ahead went school Please quiet second ; I hear talk second .
0,yeah actually north um family things changed ended coming back helped husband 's work um really would like n't know 're going unless stay know We certain going stay .
1,'s right uh-huh well know 's like say 's much stuff needs done country uh know could thought something like uh like uh uh Peace Corps sort organization mean would useful uh instance helping old folks There 's lot stuff need country .
1,yeah well vary place place 's hard tell know well 've kept old probably oh one nicest found uh It 's hard tell things kept age vary much place place .
1,"um n't know know heard interesting maybe 's TV show movie watching going trial think like one documentary TV shows ask verdict jury It 's interesting , I heard watching TV ."
1,person done crime bad jury gives death penalty Supreme Court says 've got give one appeal okay agree give one appeal appeal fails within thirty days execution sentence You allowed appeal death sentence .
0,seems know pretty quick smart 's already reading writing stuff like turned five last month She ca n't read .
2,yeah people big loudspeakers uh democratic system like elect mayors councilmens 's really kind funny 's 's kind invasion privacy privacy 're going streets really loud speakers Those people loudspeakers annoying .
1,'ve uh rent people 's kiln uh take pieces house ceramic shop uh pay 's one woman charge ten dollars month fire wanted There people let rent kilns finish pieces shop .
1,well another thing 've noticed 's uh changed years uh 're really sure exactly 're going want publicly uh teachings uh ideas taught uh n't always agree would teach either standpoint morals standpoint handle given situation We noticed teachers say things n't agree .
1,oh yeah spent money last year team league know toward bottom league uh 's like said spending money n't guarantee uh winning pennant really n't The amount money spend always indicate level success .
0,know people TI heard called ask could could participate uh I n't know anyone TI 's okay I n't want participate anyway .
1,'re fortunate well ran problem car uh course little colder weather set emergency brake 'd freezing rain apparently I car trouble cold weather .
1,took wiring harness engine transmission everything else put shell burned shell sandblasted painted pretty much built car We transferred engine transmission another body .
1,hook uh video uh stereo system uh put music film cut background noise uh recorder running We cut background noise hook .
2,think know cities locally know 'd get programs going could 'd make lot easier If cities started programs children would convenient .
2,uh 'm 'm real sure young girls today forced job market many imply think 're going choice There always jobs available young girls today .
0,yeah uh-huh yeah 're far behind graduated seventy one 'm 'm generation 'm 's going short conversation agree think uh n't n't even think ought uh voluntary think ought mandatory I graduated ninety-one grew different generations .
2,yeah well time branches falling ev erywhere actually state emergency two weeks Branches fallen littered driveways made challenge commute .
1,uh know people say know 's expensive send kids college everybody would little bit responsible know 's like cost costs five hundred dollars semester suppose go state college live home People say college expensive .
1,yeah yeah well uh recreation center almost right across street uh office access recreation center pretty much across street office
0,get kind control 's bad know governments become corrupt 's like well uh know use feel like There way government could corrupted .
2,"like Bradshaw quarterback think uh Joe Montana 's probably one finest John Elway believe fellow different people front would par Joe Montana really think Denver much Elway career except make look bad times really looked bad John Elway Joe Montana played football together ,"
2,oh 're 're discounting cash way 're think illegal add surcharge Adding surcharge abused illegal .
1,yes um-hum uh know back idea parents personal feelings parents need taking responsibility think way like look know lot people look well whose job teach kids well 's school 's job think whose job teach kids well primarily 's parents job I think parents greater responsibility concerns children 's education school .
0,yeah 're fortunate though year somehow 's March 've already used entire amount n't know 's good bad We still ample funds sustain us till end month .
0,know twenty dollars tests forty dollars know creeps n't know know really n't know 's gon na cost 's You know exactly much cost throughout whole process .
2,"yeah 's easy 's easy 's n't find easier mean budget feel like 're mean know said better control If small budget , makes difficult ."
0,"summertime air conditioner door closed could n't knock hold jack hand finally elbow rang doorbell mother came door The wintertime air conditioning , I could n't ring doorbell frozen ."
0,either either n't know n't know anybody fall get cash back buy I fallen 'you get cash back ' scam lot times .
1,"uh uh husbands retired 's gardener 's helping really n't real uh real crazy gardening My husband helping garden , n't really love ."
1,yeah n't mind heat much n't bother much cold weather n't know ca n't tolerate much I alright hot weather hard tolerate cold weather .
2,stuff like Sanger Harris know got like couple hundred dollars thought well 's okay cause wanted ten dollars month right n't thinking thing Little I know ten actually one thousand .
1,comforting see uh concern things cost us money especially dwindling uh resources oil 's burning control Persian Gulf forth every little bit makes feel better makes feel like well may something left children nieces nephews forth It makes feel good see people concerned nation 's expenses .
0,right yeah yeah agree though mean want choose particular religion 's fine know long n't try pull drag n't like way either 's mission go door-to-door go public actually uh teenagers serving two years like would say like army two years going around missionary type work n't know um n't particularly care 's one thing feel really strongly though uh know people coming door especially religious organizations wanting uh know try get join know become interested religion I 'm interested religion would like go door-to-door .
0,told husband well weird see people n't understand even people work nursing home get old one day I told husband totally normal .
1,like 've thinking volunteering uh Asian center Doctor Falk started works school district I thinking volunteering Asian center .
1,know mean 's kind things know people 's keeping showing big waste time waste paper waste know change something like She wasted time paper .
0,restoration home think called back flack received 's another one big examples 're dilemma Everyone gave accolades .
1,uh community put think know 're probably reaching successful stage voluntary think This done interests community .
2,really n't watch much TV tape programs want watch nights watch 'll pick something um I n't lot time watch TV .
0,oh yeah yeah 's um well course green card pay bill comes n't Optima card 's um let 's see right 's running 's bad 's actually 's sixteen half percent pretty good far credit cards go It 's running high moment .
2,know time younger ones take care maybe sometimes take much time older ones uh 're active course church uh Boy Scouting Girl Scouts Four H The time well spent kids less spent older ones .
0,well problem movie problem 've lot uh guess Hollywood movies know 's formula movie 're making movie according certain formula 's good formula seem The movie original twist ending .
0,see things see television read ten years ago n't kind information mean n't know Ten days ago got new TV .
2,know 's 's really annoying asked defense attorney later n't bring trouble guy said barred uh court The man standing trial many previous arrests .
2,book n't read long read day see could watch movie I enjoyed reading book watching movie .
0,oh really huh um policy counsel people come back positive fire right away I heard fire people come positive .
0,"'s okay watch people go break legs 'm going climb couple pieces wood go racing slick mountain side mean 's I would love go mountain sliding , 's life dream ."
1,talked someone uh uh education system forget exactly focus one fairly interesting 've talked somebody credit card usage I talked someone education system credit card usage .
2,"But Christian mosaics survive apse Virgin infant Jesus , Archangel Gabriel right ( companion Michael , left , vanished save feathers wings ) . Most Christian mosaics destroyed Muslims ."
0,"At end Rue des Francs-Bourgeois many consider city 's handsome residential square , Place des Vosges , stone red brick facades . Place des Vosges constructed entirely gray marble ."
2,"Thebes held onto power 12th Dynasty , first king , Amenemhet Iwho reigned 1980 1951 b.c . established capital near Memphis . The capital near Memphis lasted half century inhabitants abandoned next capital ."
0,"They 're made secret recipe handed present-day villagers Mallorcan ancestors , came early 17th century part official repopulation scheme . The recipe passed Mallorcan ancestors known everyone ."
1,"And another shift economy , found lamb could raised cost-effectively lowland farms part richer , nutritious grazing land available result Lakeland farms became less profitable . Another shift economy found nutritious ."
0,"Almost every hill northeast 's Moorish fort ; fewer four ruined fortresses guard harbour entrance ; two , still good repair Atalaya Galeras castles protect sea-front arsenal , vital importance Spain 's military . There castles Atalaya Galeras ."
1,"In crypt interred remains Voltaire Rousseau , Hugo Zola , assassinated Socialist leader Jean Jaurys , Louis Braille , inventor alphabet blind . The remains Voltaire Rousseau , Hugo Zola , assassinated Socialist leader Jean Jaurys , Louis Braille interred crypt ."
1,"And show fast Japan 's new rulers catching , two punitive expeditions launched Korea China grand manner 19th-century gunboat diplomacy . Japan 's new rulers catching quickly ."
0,"In summer rice forms green velvety blanket , turns golden autumn ripens harvested . The rice golden harvestable summer , turns green autumn ."
2,"To sure needlework item genuine article ( opposed inferior import machine-made piece ) , look lead seal M , emblem IBTAM meaning 's certified Instituto de Bordado , Tapecaras e Arte ? ­sanato da Madeira ( Institute Madeiran Embroidery , Tapestry , Handicrafts ) , official island organization showroom/museum Rua Visconde de Anadia , 44 . There seal show authenticity needlework items made Italy ."
2,"Back road Jaisalmer , one last splash color delights senses plunge fields dotted mounds red hot chili peppers . The road Jaisalmer bumpy unpleasant ride ."
0,"It displays kinds vehicles , coach carried Napoleon Moscow 1812 splendid 4-horsepower Renault car 1904 turn-of-the-century classics . The exhibition displays cars 2000s ."
2,"After lightning victory ill-prepared French armies , Germans marched Paris laid siege city , finally capitulated January 1871 face dwindling food supplies . Paris unhappy surrender Germans ."
0,"Among red brick Royal Palace , houses Patan Museum ( Nepal 's finest modern museum ) , , facing palace across narrow brick plaza , eight temples different styles sizes . The Patan Museum street red brick Royal Palace ."
1,"To sure needlework item genuine article ( opposed inferior import machine-made piece ) , look lead seal M , emblem IBTAM meaning 's certified Instituto de Bordado , Tapecaras e Arte ? ­sanato da Madeira ( Institute Madeiran Embroidery , Tapestry , Handicrafts ) , official island organization showroom/museum Rua Visconde de Anadia , 44 . There seal show authenticity ."
2,uncompromising Vel ? ¡zquez portrait ugly Queen Marianna Austria ; El Greco 's powerfully mystic Christ Crose Ribera 's gruesomely good-humored The Club Foot . El Greco extremely famous Spanish painter whose work often religious .
1,"There good road connections Sant Antoni CaleT ? ¡rida CaleBadella , result bays developed . With good road connections , bays developed ."
2,"The individual artisans ' shops longer , visit silk-weaving factory , ceramics plant , Foshan Folk Art Studio , observe workers making Chinese lanterns , carving sculptures , painting scrolls , cutting intricate designs paper . Workers carve sculptures paint scrolls great enthusiasm ."
0,"The house surprisingly small simple , one bedroom , tiny kitchen , couple social rooms . The house large boasts ten bedrooms , huge kitchen , full sized olympic pool ."
2,"Once , Las Vegas showrooms filled top entertainment headliners , comedians , production shows , dancing girls could enjoyed low price . Due inflation production value , Las Vegas shows cost see ."
1,"On mainland , invasion even greater significance followed 1580 , Philip II Spain proclaimed king Portugal marched armies across border . Philip II Spain invaded Portugal ."
0,"This involves morning afternoon theory shallow-water work , giving opportunity try basic techniques committing full open-water course . You wo n't get chance try basic techniques theory anything ."
0,"Continue along road reach pretty coastal town Molyvos ( also known ancient name , Mithymna ) , popular spot tourists . Molyvos run town center region , popular tourists ."
1,"Lorenzo Magnificent brother Giuliano lie simple tombs beneath sculptor 's Madonna Child , flanked lesser artists ' statues family patron saints Cosmas Damian . Lorenzo Giuliano related one another ."
0,"But find fishermen , many direct descendants 600 Genoese mercenaries King Charles III rescued captivity Tunisia 's Tabarka Island , hence name . Tabarka Island part Turkey ."
1,"Leave river briefly loop east around Talcy , Romanesque church 13th-century chateau Thizy , ending trip Montr ? ? al . It recommended leave river briefly ending trip Montréal ."
0,"The number Arawak already fallen dramatically , Spanish began import slaves Africa work land ; first Africans arrived 1517 . The Spanish plenty Arawak use slaves ."
1,"Traditionally poor island , native population happily embraced new seasonal lifestyle brought proserity , old ways almost completely disappeared . The old ways native population almost completely faded away ."
1,"Below Rond-Point , mood changes pleasant park leads past two Petit Palais , steel glass , Grand Palais . The mood changes Rond-Point , pleasant park leads past two Petit Palais , steel glass , Grand Palais ."
0,"Four sikhara domes rise entrance-porch addition mandapa hall worshippers ; larger hall dancing-girls ; inner sanctuary , surrounded ambulatory walking around image deity . Visitors permitted walk around image deity , must sit quietly front ."
1,"The adult males allowed Harem Black Eunuchs , charge security administration . The Black Eunuchs responsible security administration Harem ."
1,"Kofukuji 's many surviving artworks artifacts housed newest building , Museum National Treasures , fireproof repository built 1958 honor Kofukuji 's immense cultural historic importance . The fireproof repository built 1958 considered enough protect artifacts ."
2,"The Ottoman Empire surrendered World War I ended following year , , following declaration League Nations ( forerunner United Nations ) , Britain became rulers Palestine mandate . If Ottoman Empire never surrendered , Palestine would n't ruled British ."
2,"Serious auto racing arrived Las Vegas 1996 opening Las Vegas Motor Speedway , 17 miles ( 27 km ) north Downtown Interstate 15 . The Las Vegas Motor Speedway continues city 's top tourist attraction ."
0,"Since 1917 , Grand Central Market ( 317 South Broadway ) provided city daily cornucopia enticing fresh produce , fish , poultry , meat , exotic foodstuffs . Up 1917 Central Market gave away free food ."
1,"Meanwhile , lawyers premium Indians love litigation ideal training future politicians politics clandestine , often fatal express opinion wrong ( i.e . , losing ) side . Lawyers premium ideal training future politicians politics ."
2,"Five forks guarantee real comfort , food necessarily better two-or three-fork establishment , expensive . Five fork restaurants rated higher popular celebrity appearances ."
0,"Kuala Kangsar long famous Malay College , set amid spacious grounds near center town , prestigious exclusive school Malay aristocracy since founded British 1904 . Malay College know taking student regardless background ."
2,"By 11th century , caliphate splintered mosaic fractious states 26 one point , Balearics became independent emirate . The caliph still important position power ."
1,"Old salts may want skipper charter craft acroseopen sea smaller Dutch islands Sint Eustatius Saba , French Saint-Barthelemy . If looking different options take charter ship one less popular islands nearby ."
0,"Now , resort hotel complex variously described simply noisy one-stop destination fantasy , excitement , adventure ; conclusion obviously depends point view . The resort hotel complex quiet ."
0,"Given extent wealth brought country , surprising Natural Rubber Museum , opened since 1992 Rubber Research Institute 's Experimental Station Sungai Buloh . Rubber contributed wealth country ."
0,"Most organized tours generally include night gazino part package ; otherwise book table hotel travel agent . No tours include gazino night , ca n't book one ."
1,"A company handweavers working since least 1723 , visitors able watch work , products become less distinctive since expanded popular tourist attraction . Tourists view company handweavers work , historic company less distinctive products due becoming popular attraction ."
1,"In southeast corner courtyard Turkish Sultana 's House , Hujra-i-Anup Talao ( Chamber Peerless Pool ) ; animals covering every wall panel pillar create illusion woodwork rather stone . There number animals wall panels ."
1,"Town End full wonderful artifacts 17th-century daily life , cooking utensils bowls , pans , crockery , hooks hang hare pheasants rag rugs made women household , laundry implements dolly used stirring clothes washing tub . There many artefacts Town End date back 1600s , including laundry tools cookware ."
2,"The show best weekend afternoons , everything beach boys unicycles rock musicians roller blades . The show still pretty good morning , best ."
2,"Flanked city 's stylish fashion boutiques shoe stores , quarter 's main street retains commercial tradition medieval name , Via de ' Caleiuoli ( stocking- shoe-makers ) . The main street shops buy shoes stockings ."
2,A rickety flight steps links tomb entrance make way inside ornate burial chamber . The steps link burial chamber entrance quite dangerous walk .
2,"Kagoshima dominates head deep indentation southern tip Kyushu , harbor played prominent role Japanese military history . The southern tip Kyushu full tourist attractions ."
1,"The New Territories explored taking Kowloon Canton Railway ( KCR ) , makes 10 stops station Kowloon Sheung Shui , last stop entering China . The Kowloon Canton Railway makes five stops station Sheung Shui ."
1,"From sandy beaches , broad brown rivers , deep forests , rising skyscrapers wide expressways , Malaysia set exceed visitors ' expectations . Malaysia filled many natural man-made wonders 's set go beyond tourist 's expectations ."
2,"Three centuries later , much changed ' score international banks offices , along celebrated jewelers , Ministry Justice , Ritz Hotel . Seventeen international banks found ."
1,"Today , Loire sleepy waterway , running deep heavy rains spring thaws , sandbanks mud flats become islands summer . The Loire 's sandbanks become islands summer ."
0,"Situated 85 km ( 53 miles ) northwest Paris A13 , D181 , D5 , train Gare St-Lazare Vernon shuttle bus station Giverny . The site reached helicopter ."
0,"Reservations hotels , jungle lodges , flights within Nepal hard confirm busiest seasons wait long . There touristic interest Nepal scarcely anyone visited decades ."
2,"Then everyone 's gone , stay see marvelous 13th-century sculpted Angel 's Pillar ( Pilier des Anges ) peace . There always large crowd people waiting see Angel 's Pillar ."
1,"As Krishna , usually depicted blue face , after-effect swallowing poison threatened world , often represented playing flute sporting milkmaids seduced . He usually depicted blue face Krishna , after-effect swallowing poison threatened world , often represented sporting milkmaids seduced , playing flute ."
0,"As European power-brokering turned World War I , Egypt became vital British , close enemy Ottoman heartland , allowing quick passage Suez Canal dominions India , Far East , Australia , New Zealand . World War I ended ."
1,"Today , visit quarries , outside town , reveals secrets ancient Egyptians worked stone . Visiting quarries great way learn ancient Egyptians worked stone ."
2,"That first glimpse towering , steepled abbey rising sea rock moment forget . Most people viewed abbey rising ocean comment life-changing experience ."
1,The numerous six-pointed stars set abutments main arches Jewish Star David esoteric emblem 'll see country . The six-pointed stars 'll see country look similar Jewish Star David .
0,"A survey history Spain tradition , grandeur , art , architecture mix cultures crammed small city Castilian hilltop . The city known really huge ."
1,Near centrally located Japan Railways station first sign Portuguese role city 's fascinating history . There sign near railway station depicts portuguese involvement Japan .
1,"You wo n't envy men women see working fields blazing sun , 're never tired return wave smile . The people labor outside optimistic kind ."
0,"The city also dozen specialized book shops ; two famous Bodhi Tree Melrose carries metaphysical New Age titles , Book Soup Sunset Boulevard , also carries international newspapers periodicals . Book Soup Sunset Boulevard n't sell newspapers magazines ."
2,"Real jade extremely expensive , may offered counterfeit jade , looks exactly like genuine article . People tend sell fake jade , hard distinguish real article ."
1,"On boulevard des Capucines , retrace footsteps Renoir , Manet , Pissarro took paintings Nadar 's house , signposted number 35 , historic 1874 exhibition Impressionism . The paintings Renoir , Monet Pissarro Nadar 's house ."
0,"At opposite extreme massive , almost riotous processions thousands bellowing , sweat-drenched men fighting carry huge portable shrine streets symbolic destination . The destination portable shrine fought symbolism ."
0,"One popular excursions Aegean resorts goes spectacular travertine terraces Pamukkale ( Cotton Castle ) , lie town Denizli , 200 km ( 125 miles ) inland Kuradase . Not many people take excursion Pamukkale , resorts still offer ."
1,"There chapel occupying site , long place pilgrimage , building 's foundations may date first century . The site occupied chapel , foundation might century old least ."
0,"For like horse-riding activities , also equestrian center organizes exhilarating rides beach trips along guided trails surrounding hills . Horses allowed beaches locally ."
0,"On right , 'll come Art Deco Byzantine-style tower YMCA , designed firm also planned New York 's Empire State Building . The tower YMCA building designed classic Greco-Roman style ."
2,"The half gamblers come , arrive , served arrive . The half gamblers like congregate gambling ."
0,"A short distance north Timna Park Hai Bar Wildlife Reserve , rare endangered indigenous animals bred eventual release back wild . The Hai Bar Wildlife Reserve zoo animals kept captivity whole lives ."
0,"More part Europe ever , Spain joined European Community ( European Union ) 1986 , giving boost booming economy . Spain still refuses join European Union ."
1,The Hebrew University Hadassah Medical Centre built Mount Scopus beginning 1925 became pride Jewish community Palestine British control . The Hadassah Medical Centre built Mount Scopus 1925 .
1,"They built many impressive churches term first Latin Kingdom Jerusalem , 1187 driven Muslim forces great warrior Saladin . Saladin great Muslim warrior 1187 ."
1,"Despite occasional tensions , perhaps inevitable times economic uncertainty , today French people increasingly recognize immigrants France 's departements West Indies former colonies ' Algeria , Tunisia , Morocco ' enrich national culture add spice country 's cuisine . French people increasingly recognize immigrants recognize national culture add spice country 's cuisine ."
0,"You take ferryboat harbor , past ingenious Plover Cove reservoir , water catchment area appropriated damming draining broad inlet sea . You take ferry boat harbour ."
0,"A remnant second century a.d. wall supported Temple Mount , revered place world Jewish faith . The remnant wall interesting historical artifact , n't much religious meaning anymore ."
1,"A narrow cobbled trail 587 steps leads town small port , domain fleet donkeys wait carry cruise ship passengers town . A fleet donkeys ferries passengers town port ."
1,"From population 20,000 grown metropolis 2.5 million , tightly clustered skyscrapers China 's highest groseng industries . Its population increased two million ."
1,"The king died 1598 , buried family tomb beneath high altar basilica . The king died 1598 buried family tomb ."
1,"The cape haunt wild goats site isolated lighthouse watchtower , built high sea . The cape contains wild goats isolated lighthouse watchtower ."
1,"Wearing towel bath-clogs , shown steamy marble washroom , buckets hot water poured attendant sets work coarse glove , removing dirt dead skin leaving pink glowing . After pouring hot water body , gloved attendant exfoliate skin pink glowing ."
0,"If 've fallen love Italian coffee , buy compact version espresso machine packaged roasted beans ? Unfortunately way make espressos ."
1,"Saved plant over-growth past two decades , 12 km ( 7 miles ) Ipoh Kellie 's Castle , mansion whose construction halted owner , William Kellie Smith , rubber planter , died visiting Scotland mid-1920s . William Kellie Smith rubber planter died visiting Scotland mid-1920s ."
2,"You spot , set stone walls , little sculpted heads angels demons , floral motifs , scallop shell ( coquille Saint-Jacques ) marking route medieval pilgrims Santiago de Compostela Spain . The route medieval pilgrims Santiago de Compostela connects Spain Germany ."
0,"Want catch hottest independent film , pay mere $ 3 held-over feature Lowe 's Cineplex Fairfax , grab air-conditioned hours international flick , watch blockbuster historic Mann 's Chinese Theater El Capitan ? Would like go outside get away technology ?"
0,"The painterly impact burnt sienna glows arcaded Gothic Palazzo Pubblico opposite , splendid 102-m- ( 335-ft- ) high Torre del Mangia ( climb first tier 88 [ 288 ft ] magnificent view city countryside beyond ) . The Torre del Mangia fifteen feet high , climb first tier five feet ."
0,"When Arabs took country east brought new religion , art , society swept away much come . The arabs brought materialistic things took east ."
0,The distinguished place modern Irish crafts jewelry DesignYard Essex Street Temple Bar everything high quality . The jewelry DesignYard often poor quality .
0,"Although Israel 50 years old , roots three prime religious faiths ( Juda ? ­ism , Islam , Christianity ) stretch back many millennia , ancient settlements amongst oldest earth . Israel country millenia ."
0,"Most people approach Provence north ; warmth sun , red-tiled roofs , cypress trees , garrigue ( scrubland ) , fragrance lavender alert arrived . Provence n't houses red roofs cypress trees ."
1,In 1979 Egypt became first Arab state recognize state Israel Arab states aghast internal opposition Sadat grew . Egypt became first Arab state recognize Israel 1979 Arab states aghast .
1,"If , concluding deal , try pay credit card , may boost price order cover card charges . If try pay credit card , might increase price cover card charges ."
0,"After Cook 's voyage , small steady flow American European vessels , already engaged China trade , started use Hawaii convenient , much-needed stopover . Europeans Americans resting Hawaii long trips since long Cook ."
2,One curiosity charred electric light fixture bulb somehow continued work 62 years suddenly stopped one day 1964 . The light fixture stopped working someone got water .
2,"Although Asian Americans live throughout Los Angeles County , several special cultural shopping enclaves deserve visitors ' special attention . The population Asian Americans Los Angeles County steadily increasing recently ."
